"Id","Name","DisplayName","Comment","Tooltip","IsActive","Priority","Color","IsDefault","IsEndpointProtectionEnabled","ParentGuid","BlockCopilot","ScopeFiles","ScopeEmails","ScopeMeetings","ScopeSites","ScopeSchematizedData","EncryptionEnabled","ProtectionType","TemplateId","RightsDefinitions","LocaleSettings","LabelActions","IsScopedToUser","PublishedPolicies","PublishedToUsers","PublishedToGroups"
"9aa094b9-f175-4597-8fb5-2be13942fc07","defa4170-0d19-0005-0000-bc88714345d2","Personal","","Non-business data, for personal use only.","False","0","","False","False","","False","True","True","False","False","False","False","None","","","=""Personal"",Desc=""Non-business data, for personal use only.""","","False","","",""
"ed4e900f-78e9-4aba-bbd3-e5663b454c12","defa4170-0d19-0005-0001-bc88714345d2","Public","","Organization data that's specifically prepared and approved for public consumption.","False","1","","False","False","","False","True","True","False","True","False","False","None","","","=""Public"",Desc=""Organization data that's specifically prepared and approved for public consumption.""","","False","","",""
"d170626d-f3b8-4309-9ae0-225a98dcffbc","defa4170-0d19-0005-0002-bc88714345d2","General","","Organization data that is not intended for public consumption. However, this can be shared with external partners, as required. Examples include a company internal telephone directory, organizational charts, internal standards, and most internal communication.","False","2","","False","False","","False","True","True","False","False","False","False","None","","","=""General"",Desc=""Organization data that is not intended for public consumption. However, this can be shared with external partners, as required. Examples include a company internal telephone directory, organizational charts, internal standards, and most internal communication.""","","False","","",""
"b5a6fa29-8aad-43ed-af4f-60b14c3b5ea1","defa4170-0d19-0005-0003-bc88714345d2","Anyone (unrestricted)","","Organization data that isn't intended for public consumption but can be shared with external partners if appropriate. Examples include customer conversations that don't include sensitive info or released marketing materials.","True","3","","False","False","","False","True","True","False","False","False","False","None","","","=""Anyone (unrestricted)"",Desc=""Organization data that isn't intended for public consumption but can be shared with external partners if appropriate. Examples include customer conversations that don't include sensitive info or released marketing materials.""","","False","","",""
"97bf84eb-231c-414a-9816-f06d04e69c75","defa4170-0d19-0005-0004-bc88714345d2","All Employees (unrestricted)","","Organization data that isn't intended for public consumption. If you need to share this content with external partners, make sure it's appropriate with data owners and relabel content as General \\ Anyone (unrestricted). Examples include a company internal telephone directory, organizational charts, internal standards, and most internal communication.","True","4","","False","False","","False","True","True","False","False","False","False","None","","","=""All Employees (unrestricted)"",Desc=""Organization data that isn't intended for public consumption. If you need to share this content with external partners, make sure it's appropriate with data owners and relabel content as General \\ Anyone (unrestricted). Examples include a company internal telephone directory, organizational charts, internal standards, and most internal communication.""","","False","","",""
"8821213c-4663-4189-b06d-fd3569affbcd","defa4170-0d19-0005-0005-bc88714345d2","Confidential","","Sensitive business data that could cause damage to the business if shared with unauthorized people. Examples include contracts, security reports, forecast summaries, and sales account data.","False","5","","False","False","","False","True","True","False","False","False","False","None","","","=""Confidential"",Desc=""Sensitive business data that could cause damage to the business if shared with unauthorized people. Examples include contracts, security reports, forecast summaries, and sales account data.""","","False","","",""
"7e3b72c4-92aa-4953-bfef-901d673047ae","defa4170-0d19-0005-0006-bc88714345d2","Anyone (unrestricted)","","Confidential data that doesn't need to be encrypted. Use this option with care and with appropriate business justification. Make sure to protect the data through other means like DLP.","True","6","","False","False","","False","True","True","False","False","False","False","None","","","=""Anyone (unrestricted)"",Desc=""Confidential data that doesn't need to be encrypted. Use this option with care and with appropriate business justification. Make sure to protect the data through other means like DLP.""","applycontentmarking_footer","False","","",""
"6a8f2447-ca94-4ba6-bfef-689e17dd9c10","defa4170-0d19-0005-0007-bc88714345d2","All Employees","","Confidential data that requires protection, which allows all employees full permission. Data owners can track and revoke content.","True","7","","False","False","","False","True","True","False","False","False","True","Template","0199194d-aaa8-45ba-8d88-dcc4f5c6ca96","","=""All Employees"",Desc=""Confidential data that requires protection, which allows all employees full permission. Data owners can track and revoke content.""","encrypt; applycontentmarking_footer","False","","",""
"e69d3e57-030f-4608-8346-e33e93387e74","defa4170-0d19-0005-0008-bc88714345d2","Trusted People","","Confidential data for internal/external sharing that can be reshared by trusted recipients.","True","8","","False","False","","False","True","True","False","False","False","True","UserDefined","","","=""Trusted People"",Desc=""Confidential data for internal/external sharing that can be reshared by trusted recipients.""","encrypt; applycontentmarking_footer","False","","",""
"dc4a87cf-8e0a-465c-9bc4-ee73f5c3b617","Private Informationen - 0001","Private Informationen - 0001","","Private Informationen - Global Tech Holding GmbH","True","9","","False","False","","False","True","True","False","False","False","False","None","","","=""Private Informationen - 0001"",Desc=""Private Informationen - Global Tech Holding GmbH""","","False","Standard Label Policy","","All"
"0816b12b-e21e-4b18-a915-d08aefe49286","Geschäftliche Informationen - 0001","Geschäftliche Informationen - 0001","","Geschäftliche Informationen - Global Tech Holding GmbH","True","10","","False","False","","False","True","True","False","False","False","False","None","","","=""Geschäftliche Informationen - 0001"",Desc=""Geschäftliche Informationen - Global Tech Holding GmbH""","","False","Standard Label Policy","","All"
"508c566c-4c94-4ba5-803a-a55cbdbf9619","Nur für internen Dienstgebrauch - 0001","Nur für internen Dienstgebrauch - 0001","","Nur für internen Dienstgebrauch - Global Tech Holding GmbH","True","11","","False","False","","False","True","True","False","False","False","False","None","","","=""Nur für internen Dienstgebrauch - 0001"",Desc=""Nur für internen Dienstgebrauch - Global Tech Holding GmbH""","","False","Standard Label Policy","","All"
"91c46027-43ca-42a7-a9cd-66ffcdfa261e","Nur für internen Dienstgebrauch (unverschlüsselt) - 0001","Nur für internen Dienstgebrauch (unverschlüsselt) - 0001","","Nur für internen Dienstgebrauch (unverschlüsselt) - Global Tech Holding GmbH","True","12","","False","False","","False","True","True","False","False","False","False","None","","","=""Nur für internen Dienstgebrauch (unverschlüsselt) - 0001"",Desc=""Nur für internen Dienstgebrauch (unverschlüsselt) - Global Tech Holding GmbH""","","False","Standard Label Policy","","All"
"1ddde4ef-b23c-4baf-9ab9-b95933129517","Nur für internen Dienstgebrauch (verschlüsselt) - 0001","Nur für internen Dienstgebrauch (verschlüsselt) - 0001","","Nur für internen Dienstgebrauch (verschlüsselt) - Global Tech Holding GmbH","True","13","","False","False","","False","True","True","False","False","False","True","Template","63473024-6d62-406a-90c6-edebd10c5906","","=""Nur für internen Dienstgebrauch (verschlüsselt) - 0001"",Desc=""Nur für internen Dienstgebrauch (verschlüsselt) - Global Tech Holding GmbH""","encrypt","False","Standard Label Policy","","All"
"a4f26d8c-40dd-4f32-80ce-feee2845f98a","Vertraulich - 0001","Vertraulich - 0001","","Vertraulich - Global Tech Holding GmbH","True","14","","False","False","","False","True","True","False","False","False","False","None","","","=""Vertraulich - 0001"",Desc=""Vertraulich - Global Tech Holding GmbH""","","False","Standard Label Policy","","All"
"25dad890-309f-4dd6-b491-156c2304b21b","Vertraulich (unverschlüsselt) - 0001","Vertraulich (unverschlüsselt) - 0001","","Vertraulich (unverschlüsselt) - Global Tech Holding GmbH","True","15","","False","False","","False","True","True","False","False","False","False","None","","","=""Vertraulich (unverschlüsselt) - 0001"",Desc=""Vertraulich (unverschlüsselt) - Global Tech Holding GmbH""","","False","Standard Label Policy","","All"
"87e4a141-4817-4058-a0b0-075ca75a46f3","Vertraulich (verschlüsselt) - 0001","Vertraulich (verschlüsselt) - 0001","","Vertraulich (verschlüsselt) - Global Tech Holding GmbH","True","16","","False","False","","False","True","True","False","False","False","False","None","","","=""Vertraulich (verschlüsselt) - 0001"",Desc=""Vertraulich (verschlüsselt) - Global Tech Holding GmbH""","","False","Standard Label Policy","","All"
"680bab7a-daf7-474c-a519-cfedc65af35b","Streng Vertraulich - 0001","Streng Vertraulich - 0001","","Streng Vertraulich - Global Tech Holding GmbH","True","17","","False","False","","False","True","True","False","False","False","False","None","","","=""Streng Vertraulich - 0001"",Desc=""Streng Vertraulich - Global Tech Holding GmbH""","","False","Standard Label Policy","","All"
"d1707df3-8440-4cb8-82e3-904164091d21","Private Informationen - 0002","Private Informationen - 0002","","Private Informationen - Skyline Manufacturing South","True","18","","False","False","","False","True","True","False","True","False","False","None","","","=""Private Informationen - 0002"",Desc=""Private Informationen - Skyline Manufacturing South""","","False","Abteilung 0002 - Label Policy","","All"
"39652dfd-040b-4043-b528-3f25ab791c46","Geschäftliche Informationen - 0002","Geschäftliche Informationen - 0002","","Geschäftliche Informationen - Skyline Manufacturing South","True","19","","False","False","","False","True","True","False","True","False","False","None","","","=""Geschäftliche Informationen - 0002"",Desc=""Geschäftliche Informationen - Skyline Manufacturing South""","","False","Abteilung 0002 - Label Policy","","All"
"d24a65c6-6510-4146-9fa0-90658b64cf34","Nur für internen Dienstgebrauch - 0002","Nur für internen Dienstgebrauch - 0002","","Nur für internen Dienstgebrauch - Skyline Manufacturing South","True","20","","False","True","","False","True","True","False","True","False","False","None","","","=""Nur für internen Dienstgebrauch - 0002"",Desc=""Nur für internen Dienstgebrauch - Skyline Manufacturing South""","applycontentmarking_header","False","Abteilung 0002 - Label Policy","","All"
"136535e8-6305-4f7f-942f-39ac735ae9a2","Nur für internen Dienstgebrauch (unverschlüsselt) - 0002","Nur für internen Dienstgebrauch (unverschlüsselt) - 0002","","Nur für internen Dienstgebrauch (unverschlüsselt) - Skyline Manufacturing South","True","21","","False","False","","False","True","True","False","True","False","True","Template","5df291f6-ee1e-4c9c-96d3-6df20af05f8d","","=""Nur für internen Dienstgebrauch (unverschlüsselt) - 0002"",Desc=""Nur für internen Dienstgebrauch (unverschlüsselt) - Skyline Manufacturing South""","applycontentmarking_header; encrypt","False","Abteilung 0002 - Label Policy","","All"
"75d7bf4f-a589-4d86-88bd-c37878ebd554","Nur für internen Dienstgebrauch (verschlüsselt) - 0002","Nur für internen Dienstgebrauch (verschlüsselt) - 0002","","Nur für internen Dienstgebrauch (verschlüsselt) - Skyline Manufacturing South","True","22","","False","False","","False","True","True","False","True","False","True","Template","cd35cc70-be41-40d9-977e-584295ad87de","","=""Nur für internen Dienstgebrauch (verschlüsselt) - 0002"",Desc=""Nur für internen Dienstgebrauch (verschlüsselt) - Skyline Manufacturing South""","applycontentmarking_header; encrypt","False","Abteilung 0002 - Label Policy","","All"
"8723b79c-57d4-4be4-adaf-0b2b1f38f3e9","Vertraulich - 0002","Vertraulich - 0002","","Vertraulich - Skyline Manufacturing South","True","23","","False","True","","False","True","True","False","True","False","False","None","","","=""Vertraulich - 0002"",Desc=""Vertraulich - Skyline Manufacturing South""","applycontentmarking_header; applywatermarking","False","Abteilung 0002 - Label Policy","","All"
"4ef90c3b-9f36-4f2a-9be6-5b4415a2aca0","Vertraulich (unverschlüsselt) - 0002","Vertraulich (unverschlüsselt) - 0002","","Vertraulich (unverschlüsselt) - Skyline Manufacturing South","True","24","","False","False","","False","True","True","False","True","False","True","Template","433ca380-02b6-4e30-8fa3-0e22a989bef3","","=""Vertraulich (unverschlüsselt) - 0002"",Desc=""Vertraulich (unverschlüsselt) - Skyline Manufacturing South""","applycontentmarking_header; applywatermarking; encrypt","False","Abteilung 0002 - Label Policy","","All"
"046c328e-c361-4526-95e0-b2dac5fa630c","Vertraulich (verschlüsselt) - 0002","Vertraulich (verschlüsselt) - 0002","","Vertraulich (verschlüsselt) - Skyline Manufacturing South","True","25","","False","False","","False","True","True","False","True","False","True","Template","47dea9a3-a74b-4935-9ae7-d0876694bc1d","","=""Vertraulich (verschlüsselt) - 0002"",Desc=""Vertraulich (verschlüsselt) - Skyline Manufacturing South""","applycontentmarking_header; applywatermarking; encrypt","False","Abteilung 0002 - Label Policy","","All"
"36fba616-f1c0-4b4a-801e-6e283e6bf72c","Streng Vertraulich - 0002","Streng Vertraulich - 0002","","Streng Vertraulich - Skyline Manufacturing South","True","26","","False","True","","False","True","True","False","True","False","True","UserDefined","","","=""Streng Vertraulich - 0002"",Desc=""Streng Vertraulich - Skyline Manufacturing South""","applycontentmarking_header; applywatermarking; encrypt","False","Abteilung 0002 - Label Policy","","All"
"d51fe465-bd22-4b84-881a-274f3be92f9e","Private Informationen - 0005","Private Informationen - 0005","","Private Informationen - E-Commerce Worldwide","False","27","","False","False","","False","True","True","False","False","False","False","None","","","=""Private Informationen - 0005"",Desc=""Private Informationen - E-Commerce Worldwide""; =""Informations privées - 0005"",Desc=""Informations privées - E-Commerce Worldwide""; =""Private information - 0005"",Desc=""Private information - E-Commerce Worldwide""; =""Magánjellegű információk - 0005"",Desc=""Magáninformációk - E-Commerce Worldwide""; =""Приватна інформація - 0005"",Desc=""Приватна інформація - Електронна комерція по всьому світу""; =""Informații private - 0005"",Desc=""Informații private - E-Commerce Worldwide""; =""Informações privadas - 0005"",Desc=""Informações privadas - E-Commerce Worldwide""; =""Private Informationen - 0005"",Desc=""Private Informationen - E-Commerce Worldwide""; =""Soukromé informace - 0005"",Desc=""Soukromé informace - E-Commerce Worldwide""; =""Private information - 0005"",Desc=""Private information - E-Commerce Worldwide""; =""Informazioni private - 0005"",Desc=""Informazioni private - Commercio elettronico nel mondo""; =""Informacje prywatne - 0005"",Desc=""Informacje prywatne - E-Commerce na całym świecie""; =""Súkromné informácie - 0005"",Desc=""Súkromné informácie - E-Commerce Worldwide""","","False","","",""
"4d1e62a7-1df2-4a8f-8be1-5aa13d1c498f","Geschäftliche Informationen - 0005","Geschäftliche Informationen - 0005","","Geschäftliche Informationen - E-Commerce Worldwide","False","28","","False","False","","False","True","True","False","False","False","False","None","","","=""Geschäftliche Informationen - 0005"",Desc=""Geschäftliche Informationen - E-Commerce Worldwide""; =""Informations commerciales - 0005"",Desc=""Informations commerciales - E-Commerce Worldwide""; =""Business information - 0005"",Desc=""Business information - E-Commerce Worldwide""; =""Üzleti információk - 0005"",Desc=""Üzleti információk - E-Commerce Worldwide""; =""Бізнес-інформація - 0005"",Desc=""Бізнес-інформація - Електронна комерція по всьому світу""; =""Informații de afaceri - 0005"",Desc=""Informații de afaceri - E-Commerce Worldwide""; =""Informações comerciais - 0005"",Desc=""Informações comerciais - E-Commerce Worldwide""; =""Geschäftliche Informationen - 0005"",Desc=""Geschäftliche Informationen - E-Commerce Worldwide""; =""Obchodní informace - 0005"",Desc=""Obchodní informace - E-Commerce Worldwide""; =""Business information - 0005"",Desc=""Business information - E-Commerce Worldwide""; =""Informazioni commerciali - 0005"",Desc=""Informazioni commerciali - Commercio elettronico in tutto il mondo""; =""Informacje biznesowe - 0005"",Desc=""Informacje biznesowe - E-Commerce na całym świecie""; =""Obchodné informácie - 0005"",Desc=""Obchodné informácie - E-Commerce Worldwide""","","False","","",""
"860ce1fa-8e9e-4915-806e-0047c2f1dd00","Nur für internen Dienstgebrauch - 0005","Nur für internen Dienstgebrauch - 0005","","Nur für internen Dienstgebrauch - E-Commerce Worldwide","False","29","","False","False","","False","True","True","False","False","False","False","None","","","=""Nur für internen Dienstgebrauch - 0005"",Desc=""Nur für internen Dienstgebrauch - E-Commerce Worldwide""; =""Réservé à un usage interne - 0005"",Desc=""Usage interne uniquement - E-Commerce Worldwide""; =""For internal use only - 0005"",Desc=""For internal use only - E-Commerce Worldwide""; =""Csak belső használatra - 0005"",Desc=""Csak belső használatra - E-Commerce Worldwide""; =""Тільки для внутрішнього використання - 0005"",Desc=""Тільки для внутрішнього користування - Електронна комерція по всьому світу""; =""Numai pentru uz intern - 0005"",Desc=""Numai pentru uz intern - E-Commerce Worldwide""; =""Apenas para uso interno - 0005"",Desc=""Apenas para uso interno - E-Commerce Worldwide""; =""Nur für internen Dienstgebrauch - 0005"",Desc=""Nur für internen Dienstgebrauch - E-Commerce Worldwide""; =""Pouze pro interní použití - 0005"",Desc=""Pouze pro interní použití - E-Commerce Worldwide""; =""For internal use only - 0005"",Desc=""For internal use only - E-Commerce Worldwide""; =""Solo per uso interno - 0005"",Desc=""Solo per uso interno - E-Commerce Worldwide""; =""Tylko do użytku wewnętrznego - 0005"",Desc=""Tylko do użytku wewnętrznego - E-Commerce Worldwide""; =""Len na interné použitie - 0005"",Desc=""Len na interné použitie - E-Commerce Worldwide""","","False","","",""
"577fae7e-b864-4280-902a-4f7484b4e202","Nur für internen Dienstgebrauch (unverschlüsselt) - 0005","Nur für internen Dienstgebrauch (unverschlüsselt) - 0005","","Nur für internen Dienstgebrauch (unverschlüsselt) - E-Commerce Worldwide","True","30","","False","False","","False","True","True","False","False","False","False","None","","","=""Nur für internen Dienstgebrauch (unverschlüsselt) - 0005"",Desc=""Nur für internen Dienstgebrauch (unverschlüsselt) - E-Commerce Worldwide""; =""Réservé à un usage interne (non crypté) - 0005"",Desc=""Réservé à un usage interne (non crypté) - E-Commerce Worldwide""; =""For internal service use only (unencrypted) - 0005"",Desc=""For internal service use only (unencrypted) - E-Commerce Worldwide""; =""Kizárólag belső szolgálati használatra (titkosítatlan) - 0005"",Desc=""Kizárólag belső szolgáltatási célokra (titkosítatlan) - E-Commerce Worldwide""; =""Тільки для внутрішнього службового використання - 0005"",Desc=""Тільки для внутрішнього використання (незашифрований) - Електронна комерція по всьому світу""; =""Numai pentru uzul serviciilor interne (necriptat) - 0005"",Desc=""Numai pentru uzul serviciilor interne (necriptat) - Comerț electronic în întreaga lume""; =""Apenas para uso interno do serviço (não criptografado) - 0005"",Desc=""Apenas para uso interno do serviço (não criptografado) - E-Commerce Worldwide""; =""Nur für internen Dienstgebrauch (unverschlüsselt) - 0005"",Desc=""Nur für internen Dienstgebrauch (unverschlüsselt) - E-Commerce Worldwide""; =""Pouze pro interní použití (nešifrované) - 0005"",Desc=""Pouze pro interní použití (nešifrované) - E-Commerce Worldwide""; =""For internal service use only (unencrypted) - 0005"",Desc=""For internal service use only (unencrypted) - E-Commerce Worldwide""; =""Solo per uso interno (non criptato) - 0005"",Desc=""Solo per uso interno (non criptato) - E-Commerce in tutto il mondo""; =""Tylko do użytku wewnętrznego (niezaszyfrowane) - 0005"",Desc=""Tylko do użytku wewnętrznego (niezaszyfrowane) - E-Commerce Worldwide""; =""Len na interné použitie (nezašifrované) - 0005"",Desc=""Len na interné použitie (nešifrované) - E-Commerce Worldwide""","","False","","",""
"afb150f2-5aea-48ee-ae69-9069cc655e04","Nur für internen Dienstgebrauch (verschlüsselt) - 0005","Nur für internen Dienstgebrauch (verschlüsselt) - 0005","","Nur für internen Dienstgebrauch (verschlüsselt) - E-Commerce Worldwide","True","31","","False","False","","False","True","True","False","False","False","False","None","","","=""Nur für internen Dienstgebrauch (verschlüsselt) - 0005"",Desc=""Nur für internen Dienstgebrauch (verschlüsselt) - E-Commerce Worldwide""; =""Réservé à un usage interne (crypté) - 0005"",Desc=""Réservé à un usage interne (crypté) - E-Commerce Worldwide""; =""For internal service use only (encrypted) - 0005"",Desc=""For internal service use only (encrypted) - E-Commerce Worldwide""; =""Kizárólag belső szolgálati használatra (titkosítva) - 0005"",Desc=""Csak belső használatra (titkosítva) - E-Commerce Worldwide""; =""V2 - Тільки для внутрішнього службового використання - 0005"",Desc=""Тільки для внутрішнього користування (зашифровано) - Електронна комерція по всьому світу""; =""Numai pentru uzul serviciului intern (criptat) - 0005"",Desc=""Numai pentru uz intern (criptat) - E-Commerce Worldwide""; =""Apenas para uso interno do serviço (criptografado) - 0005"",Desc=""Apenas para uso interno (criptografado) - E-Commerce Worldwide""; =""Nur für internen Dienstgebrauch (verschlüsselt) - 0005"",Desc=""Nur für internen Dienstgebrauch (verschlüsselt) - E-Commerce Worldwide""; =""Pouze pro interní použití (šifrovaně) - 0005"",Desc=""Pouze pro interní použití (šifrované) - E-Commerce Worldwide""; =""For internal service use only (encrypted) - 0005"",Desc=""For internal service use only (encrypted) - E-Commerce Worldwide""; =""Solo per uso interno (criptato) - 0005"",Desc=""Solo per uso interno (criptato) - E-Commerce in tutto il mondo""; =""Tylko do użytku wewnętrznego (zaszyfrowane) - 0005"",Desc=""Tylko do użytku wewnętrznego (szyfrowane) - E-Commerce Worldwide""; =""Len na interné použitie v rámci služby (zašifrované) - 0005"",Desc=""Len na interné použitie (zašifrované) - E-Commerce Worldwide""","","False","","",""
"1c23f1f9-2323-4754-9460-544a593f0a9b","Vertraulich - 0005","Vertraulich - 0005","","Vertraulich - E-Commerce Worldwide","False","32","","False","False","","False","True","True","False","False","False","False","None","","","=""Vertraulich - 0005"",Desc=""Vertraulich - E-Commerce Worldwide""; =""Confidentiel - 0005"",Desc=""Confidentiel - E-Commerce Worldwide""; =""Confidential - 0005"",Desc=""Confidential - E-Commerce Worldwide""; =""Bizalmas - 0005"",Desc=""Bizalmas - E-Commerce Worldwide""; =""Конфіденційно - 0005"",Desc=""Конфіденційно - Електронна комерція по всьому світу""; =""Confidențial - 0005"",Desc=""Confidențial - E-Commerce Worldwide""; =""Confidencial - 0005"",Desc=""Confidencial - Comércio eletrônico mundial""; =""Vertraulich - 0005"",Desc=""Vertraulich - E-Commerce Worldwide""; =""Důvěrné - 0005"",Desc=""Důvěrné - E-Commerce Worldwide""; =""Confidential - 0005"",Desc=""Confidential - E-Commerce Worldwide""; =""Riservato - 0005"",Desc=""Riservato - Commercio elettronico in tutto il mondo""; =""Poufne - 0005"",Desc=""Poufne - E-Commerce na całym świecie""; =""Dôverné - 0005"",Desc=""Dôverné - E-Commerce Worldwide""","","False","","",""
"3eccc77f-2433-4c68-b5bc-3056ec1f09ee","Vertraulich (unverschlüsselt) - 0005","Vertraulich (unverschlüsselt) - 0005","","Vertraulich (unverschlüsselt) - E-Commerce Worldwide","True","33","","False","False","","False","True","True","False","False","False","False","None","","","=""Vertraulich (unverschlüsselt) - 0005"",Desc=""Vertraulich (unverschlüsselt) - E-Commerce Worldwide""; =""Confidentiel (non crypté) - 0005"",Desc=""Confidentiel (non crypté) - E-Commerce Worldwide""; =""Confidential (unencrypted) - 0005"",Desc=""Confidential (unencrypted) - E-Commerce Worldwide""; =""Bizalmas (titkosítatlan) - 0005"",Desc=""Bizalmas (nem titkosított) - E-Commerce Worldwide""; =""Конфіденційний (незашифрований) - 0005"",Desc=""Конфіденційні (незашифровані) - Електронна комерція по всьому світу""; =""Confidențial (necriptat) - 0005"",Desc=""Confidențial (necriptat) - E-Commerce Worldwide""; =""Confidencial (não criptografado) - 0005"",Desc=""Confidencial (não criptografado) - E-Commerce Worldwide""; =""Vertraulich (unverschlüsselt) - 0005"",Desc=""Vertraulich (unverschlüsselt) - E-Commerce Worldwide""; =""Důvěrné (nešifrované) - 0005"",Desc=""Důvěrné (nešifrované) - E-Commerce Worldwide""; =""Confidential (unencrypted) - 0005"",Desc=""Confidential (unencrypted) - E-Commerce Worldwide""; =""Riservato (non criptato) - 0005"",Desc=""Riservato (non criptato) - Commercio elettronico in tutto il mondo""; =""Poufne (niezaszyfrowane) - 0005"",Desc=""Poufne (niezaszyfrowane) - E-Commerce na całym świecie""; =""Dôverné (nezašifrované) - 0005"",Desc=""Dôverné (nezašifrované) - E-Commerce Worldwide""","","False","","",""
"45c11478-75bf-4881-96c9-2f7ffcec005b","Vertraulich (verschlüsselt) - 0005","Vertraulich (verschlüsselt) - 0005","","Vertraulich (verschlüsselt) - E-Commerce Worldwide","True","34","","False","False","","False","True","True","False","False","False","False","None","","","=""Vertraulich (verschlüsselt) - 0005"",Desc=""Vertraulich (verschlüsselt) - E-Commerce Worldwide""; =""Confidentiel (crypté) - 0005"",Desc=""Confidentiel (crypté) - E-Commerce Worldwide""; =""Confidential (encrypted) - 0005"",Desc=""Confidential (encrypted) - E-Commerce Worldwide""; =""Bizalmas (titkosított) - 0005"",Desc=""Bizalmas (titkosított) - E-Commerce Worldwide""; =""Конфіденційний (зашифрований) - 0005"",Desc=""Конфіденційно (зашифровано) - Електронна комерція по всьому світу""; =""Confidențial (criptat) - 0005"",Desc=""Confidențial (criptat) - Comerț electronic la nivel mondial""; =""Confidencial (criptografado) - 0005"",Desc=""Confidencial (criptografado) - E-Commerce Worldwide""; =""Vertraulich (verschlüsselt) - 0005"",Desc=""Vertraulich (verschlüsselt) - E-Commerce Worldwide""; =""Důvěrné (šifrované) - 0005"",Desc=""Důvěrné (šifrované) - E-Commerce Worldwide""; =""Confidential (encrypted) - 0005"",Desc=""Confidential (encrypted) - E-Commerce Worldwide""; =""Riservato (criptato) - 0005"",Desc=""Riservato (criptato) - Commercio elettronico in tutto il mondo""; =""Poufne (zaszyfrowane) - 0005"",Desc=""Poufne (zaszyfrowane) - E-Commerce na całym świecie""; =""Dôverné (zašifrované) - 0005"",Desc=""Dôverné (šifrované) - E-Commerce Worldwide""","","False","","",""
"3c361e77-7892-49db-a147-7bf14ebe0045","Streng Vertraulich - 0005","Streng Vertraulich - 0005","","Streng Vertraulich - E-Commerce Worldwide","False","35","","False","False","","False","True","True","False","False","False","False","None","","","=""Streng Vertraulich - 0005"",Desc=""Streng Vertraulich - E-Commerce Worldwide""; =""Strictement confidentiel - 0005"",Desc=""Strictement confidentiel - E-Commerce Worldwide""; =""Strictly confidential - 0005"",Desc=""Strictly confidential - E-Commerce Worldwide""; =""Szigorúan bizalmas - 0005"",Desc=""Szigorúan bizalmas - E-Commerce Worldwide""; =""Суворо конфіденційно - 0005"",Desc=""Суворо конфіденційно - Електронна комерція по всьому світу""; =""Strict confidențial - 0005"",Desc=""Strict confidențial - E-Commerce Worldwide""; =""Estritamente confidencial - 0005"",Desc=""Estritamente confidencial - E-Commerce Worldwide""; =""Streng Vertraulich - 0005"",Desc=""Streng Vertraulich - E-Commerce Worldwide""; =""Přísně důvěrné - 0005"",Desc=""Přísně důvěrné - E-Commerce Worldwide""; =""Strictly confidential - 0005"",Desc=""Strictly confidential - E-Commerce Worldwide""; =""Strettamente riservato - 0005"",Desc=""Strettamente confidenziale - E-Commerce Worldwide""; =""Ściśle poufne - 0005"",Desc=""Ściśle poufne - E-Commerce na całym świecie""; =""Prísne dôverné - 0005"",Desc=""Prísne dôverné - E-Commerce Worldwide""","","False","","",""
"2632f553-f84a-4b31-ac0f-895b1700aa73","Private Informationen - 0006","Private Informationen - 0006","","Private Informationen - Advanced Research Lab","False","36","","False","False","","False","True","True","False","False","False","False","None","","","=""Private Informationen - 0006"",Desc=""Private Informationen - Advanced Research Lab""; =""Informations privées - 0006"",Desc=""Informations privées - Advanced Research Lab""; =""Private information - 0006"",Desc=""Private information - Advanced Research Lab""; =""Magánjellegű információk - 0006"",Desc=""Magáninformációk - Advanced Research Lab""; =""Приватна інформація - 0006"",Desc=""Приватна інформація - Лабораторія передових досліджень""; =""Informații private - 0006"",Desc=""Informații private - Advanced Research Lab""; =""Informações privadas - 0006"",Desc=""Informações privadas - Laboratório de Pesquisa Avançada""; =""Private Informationen - 0006"",Desc=""Private Informationen - Advanced Research Lab""; =""Soukromé informace - 0006"",Desc=""Soukromé informace - Advanced Research Lab""; =""Private information - 0006"",Desc=""Private information - Advanced Research Lab""; =""Informazioni private - 0006"",Desc=""Informazioni private - Laboratorio di ricerca avanzata""; =""Informacje prywatne - 0006"",Desc=""Informacje prywatne - Advanced Research Lab""; =""Súkromné informácie - 0006"",Desc=""Súkromné informácie - Pokročilé výskumné laboratórium""","","False","","",""
"43e24bde-9468-46d8-a656-bd1ac947a831","Geschäftliche Informationen - 0006","Geschäftliche Informationen - 0006","","Geschäftliche Informationen - Advanced Research Lab","False","37","","False","False","","False","True","True","False","False","False","False","None","","","=""Geschäftliche Informationen - 0006"",Desc=""Geschäftliche Informationen - Advanced Research Lab""; =""Informations commerciales - 0006"",Desc=""Informations commerciales - Advanced Research Lab""; =""Business information - 0006"",Desc=""Business information - Advanced Research Lab""; =""Üzleti információk - 0006"",Desc=""Üzleti információk - Advanced Research Lab""; =""Бізнес-інформація - 0006"",Desc=""Бізнес-інформація - Advanced Research Lab""; =""Informații de afaceri - 0006"",Desc=""Informații de afaceri - Advanced Research Lab""; =""Informações comerciais - 0006"",Desc=""Informações comerciais - Laboratório de Pesquisas Avançadas""; =""Geschäftliche Informationen - 0006"",Desc=""Geschäftliche Informationen - Advanced Research Lab""; =""Obchodní informace - 0006"",Desc=""Obchodní informace - Advanced Research Lab""; =""Business information - 0006"",Desc=""Business information - Advanced Research Lab""; =""Informazioni commerciali - 0006"",Desc=""Informazioni commerciali - Laboratorio di ricerca avanzata""; =""Informacje biznesowe - 0006"",Desc=""Informacje biznesowe - Advanced Research Lab""; =""Obchodné informácie - 0006"",Desc=""Obchodné informácie - Advanced Research Lab""","","False","","",""
"d79dfb68-b26e-4000-8b39-fc57f2aedc3a","Nur für internen Dienstgebrauch - 0006","Nur für internen Dienstgebrauch - 0006","","Nur für internen Dienstgebrauch - Advanced Research Lab","False","38","","False","False","","False","True","True","False","False","False","False","None","","","=""Nur für internen Dienstgebrauch - 0006"",Desc=""Nur für internen Dienstgebrauch - Advanced Research Lab""; =""Réservé à un usage interne - 0006"",Desc=""Usage interne uniquement - Advanced Research Lab""; =""For internal use only - 0006"",Desc=""For internal use only - Advanced Research Lab""; =""Csak belső használatra - 0006"",Desc=""Csak belső használatra - Advanced Research Lab""; =""Тільки для внутрішнього використання - 0006"",Desc=""Тільки для внутрішнього користування - Лабораторія передових досліджень""; =""Numai pentru uz intern - 0006"",Desc=""Numai pentru uz intern - Advanced Research Lab""; =""Apenas para uso interno - 0006"",Desc=""Apenas para uso interno - Laboratório de Pesquisa Avançada""; =""Nur für internen Dienstgebrauch - 0006"",Desc=""Nur für internen Dienstgebrauch - Advanced Research Lab""; =""Pouze pro interní použití - 0006"",Desc=""Pouze pro interní použití - Advanced Research Lab""; =""For internal use only - 0006"",Desc=""For internal use only - Advanced Research Lab""; =""Solo per uso interno - 0006"",Desc=""Solo per uso interno - Laboratorio di ricerca avanzata""; =""Tylko do użytku wewnętrznego - 0006"",Desc=""Tylko do użytku wewnętrznego - Advanced Research Lab""; =""Len na interné použitie - 0006"",Desc=""Len na interné použitie - Laboratórium pokročilého výskumu""","applycontentmarking_header","False","","",""
"7125c056-709e-4283-9aad-2c4dfb570411","Nur für internen Dienstgebrauch (unverschlüsselt) - 0006","Nur für internen Dienstgebrauch (unverschlüsselt) - 0006","","Nur für internen Dienstgebrauch (unverschlüsselt) - Advanced Research Lab","True","39","","False","False","","False","True","True","False","False","False","True","Template","3da4e90e-4c31-402e-a094-d8636b40d0f1","","=""Nur für internen Dienstgebrauch (unverschlüsselt) - 0006"",Desc=""Nur für internen Dienstgebrauch (unverschlüsselt) - Advanced Research Lab""; =""Réservé à un usage interne (non crypté) - 0006"",Desc=""Réservé à un usage interne (non crypté) - Advanced Research Lab""; =""For internal service use only (unencrypted) - 0006"",Desc=""For internal use only (unencrypted) - Advanced Research Lab""; =""Kizárólag belső szolgálati használatra (titkosítatlan) - 0006"",Desc=""Kizárólag belső használatra (titkosítatlan) - Advanced Research Lab""; =""Тільки для внутрішнього службового використання - 0006"",Desc=""Тільки для внутрішнього використання (незашифрований) - Advanced Research Lab""; =""Numai pentru uzul serviciilor interne (necriptat) - 0006"",Desc=""Numai pentru uz intern (necriptat) - Advanced Research Lab""; =""Apenas para uso interno do serviço (não criptografado) - 0006"",Desc=""Apenas para uso interno (não criptografado) - Laboratório de Pesquisa Avançada""; =""Nur für internen Dienstgebrauch (unverschlüsselt) - 0006"",Desc=""Nur für internen Dienstgebrauch (unverschlüsselt) - Advanced Research Lab""; =""Pouze pro interní použití (nešifrované) - 0006"",Desc=""Pouze pro interní použití (nešifrované) - Advanced Research Lab""; =""For internal service use only (unencrypted) - 0006"",Desc=""For internal use only (unencrypted) - Advanced Research Lab""; =""Solo per uso interno (non criptato) - 0006"",Desc=""Solo per uso interno (non criptato) - Laboratorio di ricerca avanzata""; =""Tylko do użytku wewnętrznego (niezaszyfrowane) - 0006"",Desc=""Tylko do użytku wewnętrznego (niezaszyfrowane) - Advanced Research Lab""; =""Len na interné použitie (nezašifrované) - 0006"",Desc=""Len na interné použitie (nezašifrované) - Advanced Research Lab""","applycontentmarking_header; encrypt","False","","",""
"c5a74028-b0ac-42d7-a1c1-5e18fe538856","Nur für internen Dienstgebrauch (verschlüsselt) - 0006","Nur für internen Dienstgebrauch (verschlüsselt) - 0006","","Nur für internen Dienstgebrauch (verschlüsselt) - Advanced Research Lab","True","40","","False","False","","False","True","True","False","False","False","True","Template","d5abdfa2-f50b-4df2-9454-9cb109599bf0","","=""Nur für internen Dienstgebrauch (verschlüsselt) - 0006"",Desc=""Nur für internen Dienstgebrauch (verschlüsselt) - Advanced Research Lab""; =""Réservé à un usage interne (crypté) - 0006"",Desc=""Réservé à un usage interne (crypté) - Advanced Research Lab""; =""For internal service use only (encrypted) - 0006"",Desc=""For internal use only (encrypted) - Advanced Research Lab""; =""Kizárólag belső szolgálati használatra (titkosítva) - 0006"",Desc=""Kizárólag belső használatra (titkosítva) - Advanced Research Lab""; =""V2 - Тільки для внутрішнього службового використання - 0006"",Desc=""Тільки для внутрішнього користування (зашифровано) - Advanced Research Lab""; =""Numai pentru uzul serviciului intern (criptat) - 0006"",Desc=""Numai pentru uz intern (criptat) - Advanced Research Lab""; =""Apenas para uso interno do serviço (criptografado) - 0006"",Desc=""Apenas para uso interno (criptografado) - Laboratório de Pesquisa Avançada""; =""Nur für internen Dienstgebrauch (verschlüsselt) - 0006"",Desc=""Nur für internen Dienstgebrauch (verschlüsselt) - Advanced Research Lab""; =""Pouze pro interní použití (šifrovaně) - 0006"",Desc=""Pouze pro interní použití (šifrované) - Advanced Research Lab""; =""For internal service use only (encrypted) - 0006"",Desc=""For internal use only (encrypted) - Advanced Research Lab""; =""Solo per uso interno (criptato) - 0006"",Desc=""Solo per uso interno (criptato) - Laboratorio di ricerca avanzata""; =""Tylko do użytku wewnętrznego (zaszyfrowane) - 0006"",Desc=""Tylko do użytku wewnętrznego (zaszyfrowane) - Advanced Research Lab""; =""Len na interné použitie v rámci služby (zašifrované) - 0006"",Desc=""Len na interné použitie (zašifrované) - Advanced Research Lab""","applycontentmarking_header; encrypt","False","","",""
"1ad395b1-ad88-4b50-afb0-eed0328e9a76","Vertraulich - 0006","Vertraulich - 0006","","Vertraulich - Advanced Research Lab","False","41","","False","False","","False","True","True","False","False","False","False","None","","","=""Vertraulich - 0006"",Desc=""Vertraulich - Advanced Research Lab""; =""Confidentiel - 0006"",Desc=""Confidentiel - Advanced Research Lab""; =""Confidential - 0006"",Desc=""Confidential - Advanced Research Lab""; =""Bizalmas - 0006"",Desc=""Bizalmas - Advanced Research Lab""; =""Конфіденційно - 0006"",Desc=""Конфіденційно - Лабораторія передових досліджень""; =""Confidențial - 0006"",Desc=""Confidențial - Laborator de cercetare avansată""; =""Confidencial - 0006"",Desc=""Confidencial - Laboratório de Pesquisa Avançada""; =""Vertraulich - 0006"",Desc=""Vertraulich - Advanced Research Lab""; =""Důvěrné - 0006"",Desc=""Důvěrné - Pokročilá výzkumná laboratoř""; =""Confidential - 0006"",Desc=""Confidential - Advanced Research Lab""; =""Riservato - 0006"",Desc=""Riservato - Laboratorio di ricerca avanzata""; =""Poufne - 0006"",Desc=""Poufne - Laboratorium Badań Zaawansowanych""; =""Dôverné - 0006"",Desc=""Dôverné - Pokročilé výskumné laboratórium""","applycontentmarking_header; applywatermarking","False","","",""
"d701bf1d-c6df-4e87-9dd9-2d17e127f4f5","Vertraulich (unverschlüsselt) - 0006","Vertraulich (unverschlüsselt) - 0006","","Vertraulich (unverschlüsselt) - Advanced Research Lab","True","42","","False","False","","False","True","True","False","False","False","True","Template","10ed2ef0-21be-4bf7-9a25-bdd2d963f263","","=""Vertraulich (unverschlüsselt) - 0006"",Desc=""Vertraulich (unverschlüsselt) - Advanced Research Lab""; =""Confidentiel (non crypté) - 0006"",Desc=""Confidentiel (non crypté) - Advanced Research Lab""; =""Confidential (unencrypted) - 0006"",Desc=""Confidential (unencrypted) - Advanced Research Lab""; =""Bizalmas (titkosítatlan) - 0006"",Desc=""Bizalmas (nem titkosított) - Advanced Research Lab (Korszerű Kutatási Laboratórium)""; =""Конфіденційний (незашифрований) - 0006"",Desc=""Конфіденційні (незашифровані) - Advanced Research Lab""; =""Confidențial (necriptat) - 0006"",Desc=""Confidențial (necriptat) - Advanced Research Lab""; =""Confidencial (não criptografado) - 0006"",Desc=""Confidencial (não criptografado) - Laboratório de Pesquisa Avançada""; =""Vertraulich (unverschlüsselt) - 0006"",Desc=""Vertraulich (unverschlüsselt) - Advanced Research Lab""; =""Důvěrné (nešifrované) - 0006"",Desc=""Důvěrné (nešifrované) - Advanced Research Lab""; =""Confidential (unencrypted) - 0006"",Desc=""Confidential (unencrypted) - Advanced Research Lab""; =""Riservato (non criptato) - 0006"",Desc=""Riservato (non criptato) - Laboratorio di ricerca avanzata""; =""Poufne (niezaszyfrowane) - 0006"",Desc=""Poufne (niezaszyfrowane) - Laboratorium Badań Zaawansowanych""; =""Dôverné (nezašifrované) - 0006"",Desc=""Dôverné (nezašifrované) - Pokročilé výskumné laboratórium""","applycontentmarking_header; applywatermarking; encrypt","False","","",""
"9d77daa8-fca8-4f60-9dbd-0f8e297b8b61","Vertraulich (verschlüsselt) - 0006","Vertraulich (verschlüsselt) - 0006","","Vertraulich (verschlüsselt) - Advanced Research Lab","True","43","","False","False","","False","True","True","False","False","False","True","Template","98fb18bc-3c7f-4d93-9888-8f5504c2af5b","","=""Vertraulich (verschlüsselt) - 0006"",Desc=""Vertraulich (verschlüsselt) - Advanced Research Lab""; =""Confidentiel (crypté) - 0006"",Desc=""Confidentiel (crypté) - Advanced Research Lab""; =""Confidential (encrypted) - 0006"",Desc=""Confidential (encrypted) - Advanced Research Lab""; =""Bizalmas (titkosított) - 0006"",Desc=""Bizalmas (titkosítva) - Advanced Research Lab (Korszerű Kutatási Laboratórium)""; =""Конфіденційний (зашифрований) - 0006"",Desc=""Конфіденційно (зашифровано) - Advanced Research Lab""; =""Confidențial (criptat) - 0006"",Desc=""Confidențial (criptat) - Advanced Research Lab""; =""Confidencial (criptografado) - 0006"",Desc=""Confidencial (criptografado) - Laboratório de Pesquisa Avançada""; =""Vertraulich (verschlüsselt) - 0006"",Desc=""Vertraulich (verschlüsselt) - Advanced Research Lab""; =""Důvěrné (šifrované) - 0006"",Desc=""Důvěrné (šifrované) - Advanced Research Lab""; =""Confidential (encrypted) - 0006"",Desc=""Confidential (encrypted) - Advanced Research Lab""; =""Riservato (criptato) - 0006"",Desc=""Riservato (criptato) - Laboratorio di ricerca avanzata""; =""Poufne (zaszyfrowane) - 0006"",Desc=""Poufne (zaszyfrowane) - Laboratorium Badań Zaawansowanych""; =""Dôverné (zašifrované) - 0006"",Desc=""Dôverné (zašifrované) - Laboratórium pokročilého výskumu""","applycontentmarking_header; applywatermarking; encrypt","False","","",""
"e03a98e8-4830-43d5-9868-b1edf083083f","Streng Vertraulich - 0006","Streng Vertraulich - 0006","","Streng Vertraulich - Advanced Research Lab","False","44","","False","True","","False","True","True","False","False","False","True","UserDefined","","","=""Streng Vertraulich - 0006"",Desc=""Streng Vertraulich - Advanced Research Lab""; =""Strictement confidentiel - 0006"",Desc=""Strictement confidentiel - Advanced Research Lab""; =""Strictly confidential - 0006"",Desc=""Strictly confidential - Advanced Research Lab""; =""Szigorúan bizalmas - 0006"",Desc=""Szigorúan bizalmas - Advanced Research Lab""; =""Суворо конфіденційно - 0006"",Desc=""Суворо конфіденційно - Лабораторія передових досліджень""; =""Strict confidențial - 0006"",Desc=""Strict confidențial - Advanced Research Lab""; =""Estritamente confidencial - 0006"",Desc=""Estritamente confidencial - Laboratório de Pesquisa Avançada""; =""Streng Vertraulich - 0006"",Desc=""Streng Vertraulich - Advanced Research Lab""; =""Přísně důvěrné - 0006"",Desc=""Přísně důvěrné - Advanced Research Lab""; =""Strictly confidential - 0006"",Desc=""Strictly confidential - Advanced Research Lab""; =""Strettamente riservato - 0006"",Desc=""Strettamente riservato - Laboratorio di ricerca avanzata""; =""Ściśle poufne - 0006"",Desc=""Ściśle poufne - Laboratorium Badań Zaawansowanych""; =""Prísne dôverné - 0006"",Desc=""Prísne dôverné - Laboratórium pokročilého výskumu""","applycontentmarking_header; applywatermarking; encrypt","False","","",""
"b2e4ba3d-1f9c-45dc-b86b-33bafd22a077","Private Informationen - 0012","Private Informationen - 0012","","Private Informationen - Bio-Nutrient Systems (CRITIS)","False","45","","False","False","","False","True","True","False","True","False","False","None","","","=""Private Informationen - 0012"",Desc=""Private Informationen - Bio-Nutrient Systems (CRITIS)""","","False","","",""
"bfc40317-aab1-435d-be16-c17e9d1a0e1a","Geschäftliche Informationen - 0012","Geschäftliche Informationen - 0012","","Geschäftliche Informationen - Bio-Nutrient Systems (CRITIS)","False","46","","False","False","","False","True","True","False","True","False","False","None","","","=""Geschäftliche Informationen - 0012"",Desc=""Geschäftliche Informationen - Bio-Nutrient Systems (CRITIS)""","","False","","",""
"eaea8b43-cd36-4cfa-9ccb-4fca7820ad2d","Nur für internen Dienstgebrauch - 0012","Nur für internen Dienstgebrauch - 0012","","Nur für internen Dienstgebrauch - Bio-Nutrient Systems (CRITIS)","False","47","","False","False","","False","True","True","False","True","False","False","None","","","=""Nur für internen Dienstgebrauch - 0012"",Desc=""Nur für internen Dienstgebrauch - Bio-Nutrient Systems (CRITIS)""","applycontentmarking_header","False","","",""
"2a267b5a-702d-4070-8e3f-a9734d6f2775","Nur für internen Dienstgebrauch (unverschlüsselt) - 0012","Nur für internen Dienstgebrauch (unverschlüsselt) - 0012","","Nur für internen Dienstgebrauch (unverschlüsselt) - Bio-Nutrient Systems (CRITIS)","True","48","","False","False","","False","True","True","False","True","False","True","Template","9c852ff4-e7a8-4a30-8f18-76c713f9cdf0","","=""Nur für internen Dienstgebrauch (unverschlüsselt) - 0012"",Desc=""Nur für internen Dienstgebrauch (unverschlüsselt) - Bio-Nutrient Systems (CRITIS)""","applycontentmarking_header; encrypt","False","","",""
"71d5161d-ce6e-4bd6-b4dc-84416c4ce1dd","Nur für internen Dienstgebrauch (verschlüsselt) - 0012","Nur für internen Dienstgebrauch (verschlüsselt) - 0012","","Nur für internen Dienstgebrauch (verschlüsselt) - Bio-Nutrient Systems (CRITIS)","True","49","","False","False","","False","True","True","False","True","False","True","Template","26b654af-a866-47f4-b4bd-a65e3a54969d","","=""Nur für internen Dienstgebrauch (verschlüsselt) - 0012"",Desc=""Nur für internen Dienstgebrauch (verschlüsselt) - Bio-Nutrient Systems (CRITIS)""","applycontentmarking_header; encrypt","False","","",""
"dc0f204a-68ee-439b-8ee5-ca4fd3610860","Vertraulich - 0012","Vertraulich - 0012","","Vertraulich - Bio-Nutrient Systems (CRITIS)","False","50","","False","False","","False","True","True","False","True","False","False","None","","","=""Vertraulich - 0012"",Desc=""Vertraulich - Bio-Nutrient Systems (CRITIS)""","applycontentmarking_header; applywatermarking","False","","",""
"08366852-c268-4a58-a619-fdec905af592","Vertraulich (unverschlüsselt) - 0012","Vertraulich (unverschlüsselt) - 0012","","Vertraulich (unverschlüsselt) - Bio-Nutrient Systems (CRITIS)","True","51","","False","False","","False","True","True","False","True","False","True","Template","3f5d3e3f-06cb-4244-845d-32d3b6879fe1","","=""Vertraulich (unverschlüsselt) - 0012"",Desc=""Vertraulich (unverschlüsselt) - Bio-Nutrient Systems (CRITIS)""","applycontentmarking_header; applywatermarking; encrypt","False","","",""
"c34e572b-3946-4d48-a914-2fb99c4eb6fc","Vertraulich (verschlüsselt) - 0012","Vertraulich (verschlüsselt) - 0012","","Vertraulich (verschlüsselt) - Bio-Nutrient Systems (CRITIS)","True","52","","False","False","","False","True","True","False","True","False","True","Template","f467b3dc-25be-45c8-b656-5413a1ff66ee","","=""Vertraulich (verschlüsselt) - 0012"",Desc=""Vertraulich (verschlüsselt) - Bio-Nutrient Systems (CRITIS)""","applycontentmarking_header; applywatermarking; encrypt","False","","",""
"3405e3c0-d7fe-4e01-acdf-e3d4e9480e68","Streng Vertraulich - 0012","Streng Vertraulich - 0012","","Streng Vertraulich - Bio-Nutrient Systems (CRITIS)","False","53","","False","True","","False","True","True","False","True","False","True","UserDefined","","","=""Streng Vertraulich - 0012"",Desc=""Streng Vertraulich - Bio-Nutrient Systems (CRITIS)""","applycontentmarking_header; applywatermarking; encrypt","False","","",""
"8f4e270f-c270-4094-a408-f21fba349074","Private Informationen - 0010","Private Informationen - 0010","","Private Informationen - Bio-Nutrient Systems","False","54","","False","False","","False","True","True","False","True","False","False","None","","","=""Private Informationen - 0010"",Desc=""Private Informationen - Bio-Nutrient Systems""; =""Informations privées - 0010"",Desc=""Informations privées - Bio-Nutrient Systems""; =""Private information - 0010"",Desc=""Private information - Bio-Nutrient Systems""; =""Magáninformációk - 0010"",Desc=""Magáninformációk - Bio-Nutrient Systems""; =""Приватна інформація - 0010"",Desc=""Приватна інформація - Bio-Nutrient Systems""; =""Informații private - 0010"",Desc=""Informații private - Bio-Nutrient Systems""; =""Informações privadas - 0010"",Desc=""Informações privadas - Bio-Nutrient Systems""; =""Private Informationen - 0010"",Desc=""Private Informationen - Bio-Nutrient Systems""; =""Soukromé informace - 0010"",Desc=""Soukromé informace - Bio-Nutrient Systems""; =""Private information - 0010"",Desc=""Private information - Bio-Nutrient Systems""; =""Informazioni private - 0010"",Desc=""Informazioni private - Sistemi Bio-Nutrienti""; =""Informacje prywatne - 0010"",Desc=""Informacje prywatne - Bio-Nutrient Systems""; =""Súkromné informácie - 0010"",Desc=""Súkromné informácie - Bio-Nutrient Systems""","","False","","",""
"6f38a302-7360-48ed-acb1-d41744356286","Geschäftliche Informationen - 0010","Geschäftliche Informationen - 0010","","Geschäftliche Informationen - Bio-Nutrient Systems","False","55","","False","False","","False","True","True","False","True","False","False","None","","","=""Geschäftliche Informationen - 0010"",Desc=""Geschäftliche Informationen - Bio-Nutrient Systems""; =""Informations commerciales - 0010"",Desc=""Informations commerciales - Bio-Nutrient Systems""; =""Business information - 0010"",Desc=""Business information - Bio-Nutrient Systems""; =""Üzleti információk - 0010"",Desc=""Üzleti információk - Bio-Nutrient Systems""; =""Бізнес-інформація - 0010"",Desc=""Бізнес-інформація - Біо-поживні системи""; =""Informații de afaceri - 0010"",Desc=""Informații de afaceri - Bio-Nutrient Systems""; =""Informações comerciais - 0010"",Desc=""Informações comerciais - Bio-Nutrient Systems""; =""Geschäftliche Informationen - 0010"",Desc=""Geschäftliche Informationen - Bio-Nutrient Systems""; =""Obchodní informace - 0010"",Desc=""Obchodní informace - Bio-Nutrient Systems""; =""Business information - 0010"",Desc=""Business information - Bio-Nutrient Systems""; =""Informazioni commerciali - 0010"",Desc=""Informazioni commerciali - Sistemi Bio-Nutrienti""; =""Informacje biznesowe - 0010"",Desc=""Informacje biznesowe - Bio-Nutrient Systems""; =""Obchodné informácie - 0010"",Desc=""Obchodné informácie - Bio-Nutrient Systems""","","False","","",""
"0fd196c9-216c-40ee-bd4b-f9679d374d07","Nur für internen Dienstgebrauch - 0010","Nur für internen Dienstgebrauch - 0010","","Nur für internen Dienstgebrauch - Bio-Nutrient Systems","True","56","","False","True","","False","True","True","False","True","False","False","None","","","=""Nur für internen Dienstgebrauch - 0010"",Desc=""Nur für internen Dienstgebrauch - Bio-Nutrient Systems""; =""Réservé à un usage interne - 0010"",Desc=""Pour usage interne uniquement - Bio-Nutrient Systems""; =""For internal use only - 0010"",Desc=""For internal use only - Bio-Nutrient Systems""; =""Csak belső használatra - 0010"",Desc=""Kizárólag belső használatra - Bio-Nutrient Systems""; =""Тільки для внутрішнього використання - 0010"",Desc=""Тільки для внутрішнього використання - Біо-поживні системи""; =""Numai pentru uz intern - 0010"",Desc=""Numai pentru uz intern - Bio-Nutrient Systems""; =""Apenas para uso interno - 0010"",Desc=""Apenas para uso interno - Bio-Nutrient Systems""; =""Nur für internen Dienstgebrauch - 0010"",Desc=""Nur für internen Dienstgebrauch - Bio-Nutrient Systems""; =""Pouze pro interní použití - 0010"",Desc=""Pouze pro interní použití - Bio-Nutrient Systems""; =""For internal use only - 0010"",Desc=""For internal use only - Bio-Nutrient Systems""; =""Solo per uso interno - 0010"",Desc=""Solo per uso interno - Sistemi Bio-Nutrienti""; =""Tylko do użytku wewnętrznego - 0010"",Desc=""Tylko do użytku wewnętrznego - Bio-Nutrient Systems""; =""Len na interné použitie - 0010"",Desc=""Len na interné použitie - Bio-Nutrient Systems""","applycontentmarking_header","False","Label Policy - 0010 - Nur interner Dienstgebrauch","","All"
"d67e452c-b30f-4833-bd12-8c757fd49629","Nur für internen Dienstgebrauch (unverschlüsselt) - 0010","Nur für internen Dienstgebrauch (unverschlüsselt) - 0010","","Nur für internen Dienstgebrauch (unverschlüsselt) - Bio-Nutrient Systems","True","57","","False","False","","False","True","True","False","True","False","True","Template","87a925a1-b297-43af-9f15-cd1012a5f618","","=""Nur für internen Dienstgebrauch (unverschlüsselt) - 0010"",Desc=""Nur für internen Dienstgebrauch (unverschlüsselt) - Bio-Nutrient Systems""; =""Réservé à l'usage interne du service (non crypté) - 0010"",Desc=""Réservé à un usage interne (non crypté) - Bio-Nutrient Systems""; =""For internal service use only (unencrypted) - 0010"",Desc=""For internal service use only (unencrypted) - Bio-Nutrient Systems""; =""Kizárólag belső szolgálati használatra (titkosítatlan) - 0010"",Desc=""Kizárólag belső szolgálati használatra (titkosítás nélkül) - Bio-Nutrient Systems""; =""Тільки для внутрішнього службового використання - 0010"",Desc=""Тільки для внутрішнього користування (незашифрований) - Bio-Nutrient Systems""; =""Numai pentru uzul serviciilor interne (necriptat) - 0010"",Desc=""Numai pentru uzul serviciului intern (necriptat) - Bio-Nutrient Systems""; =""Apenas para uso interno do serviço (não criptografado) - 0010"",Desc=""Somente para uso em serviços internos (não criptografado) - Bio-Nutrient Systems""; =""Nur für internen Dienstgebrauch (unverschlüsselt) - 0010"",Desc=""Nur für internen Dienstgebrauch (unverschlüsselt) - Bio-Nutrient Systems""; =""Pouze pro interní použití (nešifrované) - 0010"",Desc=""Pouze pro interní použití (nešifrované) - Bio-Nutrient Systems""; =""For internal service use only (unencrypted) - 0010"",Desc=""For internal service use only (unencrypted) - Bio-Nutrient Systems""; =""Solo per uso interno (non criptato) - 0010"",Desc=""Solo per uso interno (non criptato) - Sistemi Bio-Nutrienti""; =""Tylko do użytku wewnętrznego (niezaszyfrowane) - 0010"",Desc=""Tylko do użytku wewnętrznego (niezaszyfrowane) - Bio-Nutrient Systems""; =""Len na interné použitie (nezašifrované) - 0010"",Desc=""Len na interné použitie (nezašifrované) - Bio-Nutrient Systems""","applycontentmarking_header; encrypt","False","Label Policy - 0010 - Nur interner Dienstgebrauch","","All"
"c84be007-3af4-4102-8443-d10ddde6105b","Nur für internen Dienstgebrauch (verschlüsselt) - 0010","Nur für internen Dienstgebrauch (verschlüsselt) - 0010","","Nur für internen Dienstgebrauch (verschlüsselt) - Bio-Nutrient Systems","True","58","","False","False","","False","True","True","False","True","False","True","Template","8fafd154-1e1a-448b-bc66-e6555f51ed95","","=""Nur für internen Dienstgebrauch (verschlüsselt) - 0010"",Desc=""Nur für internen Dienstgebrauch (verschlüsselt) - Bio-Nutrient Systems""; =""Réservé à l'usage interne du service (crypté) - 0010"",Desc=""Réservé à un usage interne (crypté) - Bio-Nutrient Systems""; =""For internal service use only (encrypted) - 0010"",Desc=""For internal use only (encrypted) - Bio-Nutrient Systems""; =""Kizárólag belső szolgálati használatra (titkosítva) - 0010"",Desc=""Csak belső használatra (titkosítva) - Bio-Nutrient Systems""; =""Тільки для внутрішнього службового користування - 0010"",Desc=""Тільки для внутрішнього користування (зашифровано) - Bio-Nutrient Systems""; =""Numai pentru uzul serviciului intern (criptat) - 0010"",Desc=""Numai pentru uz intern (criptat) - Bio-Nutrient Systems""; =""Apenas para uso interno do serviço (criptografado) - 0010"",Desc=""Apenas para uso interno (criptografado) - Bio-Nutrient Systems""; =""Nur für internen Dienstgebrauch (verschlüsselt) - 0010"",Desc=""Nur für internen Dienstgebrauch (verschlüsselt) - Bio-Nutrient Systems""; =""Pouze pro interní použití (šifrovaně) - 0010"",Desc=""Pouze pro interní použití (zašifrováno) - Bio-Nutrient Systems""; =""For internal service use only (encrypted) - 0010"",Desc=""For internal use only (encrypted) - Bio-Nutrient Systems""; =""Solo per uso interno (criptato) - 0010"",Desc=""Solo per uso interno (criptato) - Sistemi Bio-Nutrienti""; =""Tylko do użytku wewnętrznego (zaszyfrowane) - 0010"",Desc=""Tylko do użytku wewnętrznego (zaszyfrowane) - Bio-Nutrient Systems""; =""Len na interné použitie v rámci služby (zašifrované) - 0010"",Desc=""Len na interné použitie (zašifrované) - Bio-Nutrient Systems""","applycontentmarking_header; encrypt","False","Label Policy - 0010 - Nur interner Dienstgebrauch","","All"
"71bf2f97-5ea4-415a-9b7c-1f1488ce2583","Vertraulich - 0010","Vertraulich - 0010","","Vertraulich - Bio-Nutrient Systems","False","59","","False","False","","False","True","True","False","True","False","False","None","","","=""Vertraulich - 0010"",Desc=""Vertraulich - Bio-Nutrient Systems""; =""Confidentiel - 0010"",Desc=""Confidentiel - Bio-Nutrient Systems""; =""Confidential - 0010"",Desc=""Confidential - Bio-Nutrient Systems""; =""Bizalmas - 0010"",Desc=""Bizalmas - Bio-Nutrient Systems""; =""Конфіденційно - 0010"",Desc=""Конфіденційно - Біо-поживні системи""; =""Confidențial - 0010"",Desc=""Confidențial - Bio-Nutrient Systems""; =""Confidencial - 0010"",Desc=""Confidencial - Bio-Nutrient Systems""; =""Vertraulich - 0010"",Desc=""Vertraulich - Bio-Nutrient Systems""; =""Důvěrné - 0010"",Desc=""Důvěrné - Bio-Nutrient Systems""; =""Confidential - 0010"",Desc=""Confidential - Bio-Nutrient Systems""; =""Riservato - 0010"",Desc=""Confidenziale - Sistemi Bio-Nutrienti""; =""Poufne - 0010"",Desc=""Poufne - Bio-Nutrient Systems""; =""Dôverné - 0010"",Desc=""Dôverné - Bio-Nutrient Systems""","applycontentmarking_header; applywatermarking","False","","",""
"25a6eeca-6b27-4715-9c0f-55a98076fd19","Vertraulich (unverschlüsselt) - 0010","Vertraulich (unverschlüsselt) - 0010","","Vertraulich (unverschlüsselt) - Bio-Nutrient Systems","True","60","","False","False","","False","True","True","False","True","False","True","Template","087d3316-d869-4bef-a77b-72761ee91f5e","","=""Vertraulich (unverschlüsselt) - 0010"",Desc=""Vertraulich (unverschlüsselt) - Bio-Nutrient Systems""; =""Confidentiel (non crypté) - 0010"",Desc=""Confidentiel (non crypté) - Bio-Nutrient Systems""; =""Confidential (unencrypted) - 0010"",Desc=""Confidential (unencrypted) - Bio-Nutrient Systems""; =""Bizalmas (titkosítatlan) - 0010"",Desc=""Bizalmas (nem titkosított) - Bio-Nutrient Systems""; =""Конфіденційний (незашифрований) - 0010"",Desc=""Конфіденційно (незашифровано) - Біо-поживні системи""; =""Confidențial (necriptat) - 0010"",Desc=""Confidențial (necriptat) - Bio-Nutrient Systems""; =""Confidencial (não criptografado) - 0010"",Desc=""Confidencial (não criptografado) - Bio-Nutrient Systems""; =""Vertraulich (unverschlüsselt) - 0010"",Desc=""Vertraulich (unverschlüsselt) - Bio-Nutrient Systems""; =""Důvěrné (nešifrované) - 0010"",Desc=""Důvěrné (nešifrované) - Bio-Nutrient Systems""; =""Confidential (unencrypted) - 0010"",Desc=""Confidential (unencrypted) - Bio-Nutrient Systems""; =""Riservato (non criptato) - 0010"",Desc=""Riservato (non criptato) - Sistemi Bio-Nutrienti""; =""Poufne (niezaszyfrowane) - 0010"",Desc=""Poufne (niezaszyfrowane) - Bio-Nutrient Systems""; =""Dôverné (nezašifrované) - 0010"",Desc=""Dôverné (nezašifrované) - Bio-Nutrient Systems""","applycontentmarking_header; applywatermarking; encrypt","False","","",""
"9bd9f741-520b-4755-bc4b-7fbdd74b4c07","Vertraulich (verschlüsselt) - 0010","Vertraulich (verschlüsselt) - 0010","","Vertraulich (verschlüsselt) - Bio-Nutrient Systems","True","61","","False","False","","False","True","True","False","True","False","True","Template","f42b337f-2854-437f-b954-c8f429655c11","","=""Vertraulich (verschlüsselt) - 0010"",Desc=""Vertraulich (verschlüsselt) - Bio-Nutrient Systems""; =""Confidentiel (crypté) - 0010"",Desc=""Confidentiel (crypté) - Bio-Nutrient Systems""; =""Confidential (encrypted) - 0010"",Desc=""Confidential (encrypted) - Bio-Nutrient Systems""; =""Bizalmas (titkosított) - 0010"",Desc=""Bizalmas (titkosított) - Bio-Nutrient Systems""; =""Конфіденційний (зашифрований) - 0010"",Desc=""Конфіденційно (зашифровано) - Біо-поживні системи""; =""Confidențial (criptat) - 0010"",Desc=""Confidențial (criptat) - Bio-Nutrient Systems""; =""Confidencial (criptografado) - 0010"",Desc=""Confidencial (criptografado) - Bio-Nutrient Systems""; =""Vertraulich (verschlüsselt) - 0010"",Desc=""Vertraulich (verschlüsselt) - Bio-Nutrient Systems""; =""Důvěrné (šifrované) - 0010"",Desc=""Důvěrné (šifrované) - Bio-Nutrient Systems""; =""Confidential (encrypted) - 0010"",Desc=""Confidential (encrypted) - Bio-Nutrient Systems""; =""Riservato (criptato) - 0010"",Desc=""Riservato (criptato) - Sistemi Bio-Nutrienti""; =""Poufne (zaszyfrowane) - 0010"",Desc=""Poufne (zaszyfrowane) - Bio-Nutrient Systems""; =""Dôverné (zašifrované) - 0010"",Desc=""Dôverné (zašifrované) - Bio-Nutrient Systems""","applycontentmarking_header; applywatermarking; encrypt","False","","",""
"b7203d76-a6e0-4470-a389-5f91bb28a9fc","Streng Vertraulich - 0010","Streng Vertraulich - 0010","","Streng Vertraulich - Bio-Nutrient Systems","False","62","","False","True","","False","True","True","False","True","False","True","UserDefined","","","=""Streng Vertraulich - 0010"",Desc=""Streng Vertraulich - Bio-Nutrient Systems""; =""Strictement confidentiel - 0010"",Desc=""Strictement confidentiel - Bio-Nutrient Systems""; =""Strictly confidential - 0010"",Desc=""Strictly confidential - Bio-Nutrient Systems""; =""Szigorúan bizalmas - 0010"",Desc=""Szigorúan bizalmas - Bio-Nutrient Systems""; =""Суворо конфіденційно - 0010"",Desc=""Суворо конфіденційно - Біо-поживні системи""; =""Strict confidențial - 0010"",Desc=""Strict confidențial - Bio-Nutrient Systems""; =""Estritamente confidencial - 0010"",Desc=""Estritamente confidencial - Bio-Nutrient Systems""; =""Streng Vertraulich - 0010"",Desc=""Streng Vertraulich - Bio-Nutrient Systems""; =""Přísně důvěrné - 0010"",Desc=""Přísně důvěrné - Bio-Nutrient Systems""; =""Strictly confidential - 0010"",Desc=""Strictly confidential - Bio-Nutrient Systems""; =""Strettamente riservato - 0010"",Desc=""Strettamente confidenziale - Sistemi Bio-Nutrienti""; =""Ściśle poufne - 0010"",Desc=""Ściśle poufne - Bio-Nutrient Systems""; =""Prísne dôverné - 0010"",Desc=""Prísne dôverné - Bio-Nutrient Systems""","applycontentmarking_header; applywatermarking; encrypt","False","","",""
"7f43bb4b-ac56-4dad-b34f-600da789ff51","SPO Geschäftliche Informationen - 0002","SPO Geschäftliche Informationen - 0002","","SPO Geschäftliche Informationen - 0002","True","63","#F7630C","False","False","","False","True","False","False","True","False","False","None","","","=""SPO Geschäftliche Informationen - 0002"",Desc=""SPO Geschäftliche Informationen - 0002""","","False","Abteilung 0002 - Label Policy","","All"
